Org Name,Primary Segment,Secondary Segments,Focus,Description,Funding Model,Funding Detail,Website,Problem Area,Problem Topic,Source URL,Match notes
Design for America,Capacity Building,"Government,Digital Services & Consulting",,"Design for America is an idea incubator, a motivated community, and a way of approaching complicated challenges. DFA shapes the next generation of social innovators.",,,http://designforamerica.com/,"Talent & Hiring,Test & Learn,Service Delivery","Workforce Development,Iterative Learning,Service Design",https://civictech.guide/design-for-america,core: Courses; Innovation teams and labs; Playbooks and design principles; Toolkits | Non-profit / charity / foundation
Pilot Pitchfest,Research,"Philanthropy,Community",City,We match New York City agencies to local researchers and technical assistance from civic society,,,https://www.pilotpitchfest.org/,"Test & Learn,Talent & Hiring,Procurement & Operations","Scaling What Works,Expert Contribution,Procurement Reform",https://civictech.guide/pilot-pitchfest,core: Funders & donors; Pro bono and volunteer; Public Private Partnerships; Supporting public sector from outside government | Academic / research organization
Aspen Tech Policy Hub Fellowship Program,Fellowships,"Ecosystems,Research",,"Our program mixes the best of both Washington and Silicon Valley, bringing together stakeholders in policy and technology to train the next generation of policy entrepreneurs.",,,https://www.aspentechpolicyhub.org/#/fellowship,"Talent & Hiring,Domains","Talent Pipeline,Hiring Process,AI in Government",https://civictech.guide/aspen-tech-policy-hub-fellowship-program,core: Fellowships; Find a job or hire someone; Tech or Digital Policy | Non-profit / charity / foundation
BillBoard,Advocacy,,Federal,"BillBoard (mybillboard.org) is an independent, nonpartisan US Congress bill tracker that pairs live Congress.gov records with original, source-linked plain-English explainers of what each bill would do, why it exists, and who it would affect.",,,https://mybillboard.org,Participatory Democracy,Transparency & Accountability,https://civictech.guide/billboard,core: Government transparency; Legislation trackers; Parliamentary and congressional monitoring | Non-profit / charity / foundation
Congressional Data Coalition,Government,"Advocacy,GovTech",Federal,"We believe Congress should publish legislative information in formats both humans and computers can make sense of. Our mission is to promote greater transparency, preservation, and access to Congressional data.",,,http://congressionaldata.org/,"Participatory Democracy,Procurement & Operations","Transparency & Accountability,Operational Excellence",https://civictech.guide/congressional-data-coalition,core: Access to laws; Government transparency; Tools for Parliamentarians and Legislators | Government / public sector
CyberCAN,Research,"GovTech,Community",City,Cybersecurity for Cities and Nonprofits,,,https://cltc.berkeley.edu/program/cybercan/,"Technology & Data,Talent & Hiring,Service Delivery","Data Security,Expert Contribution,Service Design",https://civictech.guide/cybercan,core: Cybersecurity; Pro bono and volunteer; Supporting public sector from outside government | Academic / research organization
Iggy Love,GovTech,Digital Services & Consulting,,Iggy Love is a multidisciplinary designer & engineer.,,,https://iggy.love/,"Technology & Data,Service Delivery,Participatory Democracy","Shared Platforms,Service Design,Civic Engagement",https://civictech.guide/iggy-love,core: Building in the private sector; Civic apps outfits; Participation consultants | For-profit business / social enterprise / B Corp
Metro Ideas Project,Advocacy,"Research,GovTech",City,"We are an independent, nonprofit research startup devoted to the analysis and design of public policies that help make midsize cities work better for people.",,,https://metroideas.org,"Participatory Democracy,Test & Learn,Domains","Transparency & Accountability,Evidence Use,Housing & Land Use",https://civictech.guide/metro-ideas-project,core: Budget explorers; Research and policy centers; Urban planning | Non-profit / charity / foundation
The Reporters’ Lab,Research,Government,,"The Reporters’ Lab is a center for journalism research in the Sanford School of Public Policy at Duke University. Our core projects focus on fact-checking, but we also do occasional research about trust in the news media and other topics.",,,https://reporterslab.org/,Test & Learn,"Iterative Learning,Evidence Use",https://civictech.guide/the-reporters-lab,core: Innovation teams and labs; Peer-reviewed research; Research and policy centers | Academic / research organization
Town+Gown,Government,"Ecosystems,Research",City,"Created in 2009-2010, Town+Gown is a city-wide university-community partnership program, resident at the New York City Department of Design and Construction (DDC), that brings academics and practitioners together to create actionable knowledge in the built environment.",,,https://www1.nyc.gov/site/ddc/about/town-gown.page,"Procurement & Operations,Test & Learn,Service Delivery","Procurement Reform,Evidence Use,Service Design",https://civictech.guide/towngown,core: Public Private Partnerships; Research and policy centers; Supporting public sector from outside government | Government / public sector
Truth In Polling,GovTech,Advocacy,Federal,"Nonprofit AI platform making every bill plain-English and letting verified voters register, vote on legislation, and send weekly feedback directly to their reps.",,,https://truthinpolling.com,"Service Delivery,Participatory Democracy","Service Design,Transparency & Accountability",https://civictech.guide/truth-in-polling,core: Communicating with the government; Legislation trackers; Watchdogging government | Non-profit / charity / foundation
Wi-Fi Caucus,Government,"Advocacy,Research",Federal,"Initially founded in 2018, the Wi-Fi Caucus is dedicated to assisting Members of Congress in better understanding how Wi-Fi benefits the American public, consumers, economy, and the larger geopolitical standing of the United States.",,,https://troycarter.house.gov/media/press-releases/congressman-troy-carter-announces-relaunch-bipartisan-bicameral-wi-fi-caucus,"Domains,Procurement & Operations","Broadband & Internet Connectivity,AI in Government,Operational Excellence",https://civictech.guide/wi-fi-caucus,core: Connectivity; Tech or Digital Policy; Tools for Parliamentarians and Legislators | Government / public sector
AI Safety Whistleblower Legal Defense Fund,Community,Advocacy,,"We provide grants to cover legal expenses related to AI safety whistleblowing, prioritizing cases about the safety of frontier AI systems, along with pro bono legal advice and help finding other support.",,,https://lasst.org/ai-safety-whistleblower-legal-defense-fund/,"Talent & Hiring,Participatory Democracy","Expert Contribution,Transparency & Accountability",https://civictech.guide/ai-safety-whistleblower-legal-defense-fund,core: Pro bono and volunteer; Watchdogging government | Non-profit / charity / foundation
AI Whistleblower Defense Grants,Community,Advocacy,,"To address the financial barriers to whistleblowing, we’ve created a comprehensive resource and guide identifying three vetted organizations that provide pro bono legal counsel and financial grants to AI industry whistleblowers",,,https://aiwi.org/ai-whistleblower-defense-fund/,"Talent & Hiring,Participatory Democracy","Expert Contribution,Transparency & Accountability",https://civictech.guide/ai-whistleblower-defense-grants,core: Pro bono and volunteer; Watchdogging government | Non-profit / charity / foundation
Boston Area Research Initiative (BARI),Research,"Community,Ecosystems",,"The Boston Area Research Initiative (BARI) is an interuniversity partnership that pursues original urban research on the cutting edge of scholarship and public policy, with an emphasis on opportunities created by novel digital data.",,,https://cssh.northeastern.edu/bari/,"Participatory Democracy,Procurement & Operations","Civic Engagement,Procurement Reform",https://civictech.guide/boston-area-research-initiative-bari,core: Peer networks; Public Private Partnerships | Academic / research organization
Center for Civic Design,Digital Services & Consulting,GovTech,,Democracy is a design problem Ensuring voter intent through design.,,,https://civicdesign.org/,"Service Delivery,Participatory Democracy","Service Design,Democracy Infrastructure",https://civictech.guide/center-for-civic-design,core: Design; Election administration | Non-profit / charity / foundation
Change Research,GovTech,,,"Change Research provides fast, affordable and accurate public opinion polling at 80 to 90 percent less than traditional polls with the goal of ensuring that every forward-thinking candidate and campaign has access to the actionable insight they need to win",,,https://www.changeresearch.com/,"Participatory Democracy,Test & Learn","Civic Engagement,Feedback Loops",https://civictech.guide/change-research,core: Digital participation platforms; Surveys & polling | For-profit business / social enterprise / B Corp
Citizens for Responsibility and Ethics in Washington (CREW),Advocacy,,,CREW is a leading ethics watchdog organization that takes relentless legal and investigative actions holding people in power to account.,,,http://www.citizensforethics.org/,Participatory Democracy,Transparency & Accountability,https://civictech.guide/citizens-for-responsibility-and-ethics-in-washington-crew,core: Government transparency; Watchdogging government | Non-profit / charity / foundation
"Civic Hacker, LLC",GovTech,Digital Services & Consulting,,"Using software, policy and data to empower activists and end oppression",,,https://civichacker.com/,"Technology & Data,Service Delivery","Shared Platforms,Service Design",https://civictech.guide/civic-hacker-llc,core: Building in the private sector; Civic apps outfits | For-profit business / social enterprise / B Corp
Code California,Government,Digital Services & Consulting,,"Code California is an open collaboration between agencies, industry technology partners and civic technologists working to code a more innovative, collaborative and effective government that best serves the people of California.",,,https://go.code.ca.gov/,"Test & Learn,Service Delivery","Iterative Learning,Service Design",https://civictech.guide/code-california,core: Building inside government; Supporting public sector from outside government | Government / public sector
Congressional Staff Association on Artificial Intelligence (CSA.ai),Government,"Research,GovTech",Federal,A professional association for congressional staff focused on artificial intelligence policy and practice.,,,https://www.linkedin.com/company/congress-ai/about,"Domains,Procurement & Operations","AI in Government,Operational Excellence",https://civictech.guide/congressional-staff-association-on-artificial-intelligence-csaai,core: Governance of AI; Tools for Parliamentarians and Legislators | Government / public sector
Cyber Defense Assistance Collaborative (CDAC),GovTech,Ecosystems,,"The Cyber Defense Assistance Collaborative (CDAC) is a group of leading cybersecurity companies, former U.S. government officials, and top U.S. cyber defense leaders who came together to provide operational cyber defense assistance to Ukraine during the 2022 Russian invasion.",,,https://crdfglobal-cdac.org/,"Technology & Data,Procurement & Operations","Data Security,Procurement Reform",https://civictech.guide/cyber-defense-assistance-collaborative-cdac,core: Cybersecurity; Public Private Partnerships | Non-profit / charity / foundation
Data Friendly Space (DFS),Digital Services & Consulting,GovTech,,We envision a future where technology and data power positive social change,,,https://www.datafriendlyspace.org,"Service Delivery,Domains","Service Design,Crisis Response",https://civictech.guide/data-friendly-space-dfs,core: Civic apps outfits; Disaster response and humanitarian tech | For-profit business / social enterprise / B Corp
Data Skills for Congress,Research,"GovTech,Digital Services & Consulting",Federal,A new professional learning certificate program for Congressional staff,,,https://gspp.berkeley.edu/programs/data-skills-for-congress,"Technology & Data,Service Delivery","Data Integration,Service Design",https://civictech.guide/data-skills-for-congress,core: Open government data; Supporting public sector from outside government | Academic / research organization
Denver Participatory Budgeting,Government,Community,,"In the first cycle of Denver's Participatory Budgeting, residents guide the selection of $2 million of neighborhood infrastructure.",,,https://risetogetherdenver.org/hub-page/denverPB,Participatory Democracy,Civic Engagement,https://civictech.guide/denver-participatory-budgeting,core: Participatory budgeting; Participatory budgeting programs | Government / public sector
Developers Alliance,Advocacy,"Research,Ecosystems",,The Developers Alliance helps policymakers and industry leaders understand how rules work in practice so decisions reflect the realities of the people who build the digital economy.,,,https://devalliance.org/,"Domains,Procurement & Operations","AI in Government,Procurement Reform",https://civictech.guide/developers-alliance,core: Tech or Digital Policy; Trade groups | Advocacy organization
Election Cyber Readiness Network,GovTech,,Federal,"IFES’s Election Cyber Readiness Network (ECRN) is designed to bring together key technology partners, election commissions, and other stakeholders to form regional and national strategies to protect elections from digital threats and support long-term electoral integrity.",,,https://www.ifes.org/programs-initiatives/election-cyber-readiness-network,"Technology & Data,Participatory Democracy","Data Security,Democracy Infrastructure",https://civictech.guide/election-cyber-readiness-network,core: Cybersecurity; Election administration | Non-profit / charity / foundation
Entidad.io,GovTech,,,"Community Technology Based on Data Sovereignty Entidad builds privacy-first technology that enables communities to own, protect, and use their data to improve their lives and well being.",,,https://www.entidad.io/,"Domains,Technology & Data","Crisis Response,Data Integration",https://civictech.guide/entidadio,core: Disaster response and humanitarian tech; Identity | For-profit business / social enterprise / B Corp
Facebook Community Forums on AI,Research,Digital Services & Consulting,,"We partnered with Stanford’s Deliberative Democracy Lab and the Behavioral Insights Team on a Community Forum to discuss the principles that can be reflected in generative AI chatbots – and today, we’re releasing the results.",,,https://about.fb.com/news/2024/04/leading-the-way-in-governance-innovation-with-community-forums-on-ai/,"Domains,Service Delivery","AI in Government,Service Design",https://civictech.guide/facebook-community-forums-on-ai,core: Governance of AI; User research | For-profit business / social enterprise / B Corp
ForHumanity,Research,,,"To examine and analyze the downside risks associated with the ubiquitous advance of AI & Automation, to engage in risk mitigation and ensure the optimal outcome… ForHumanity.",,,https://forhumanity.center/,Domains,AI in Government,https://civictech.guide/forhumanity,core: AI Auditing; Governance of AI
Generative AI Accountability Indicators (GAIA),Advocacy,Research,,"Soon Ranking Digital Rights will release the Generative AI Accountability Scorecard, evaluating major consumer-facing generative AI services’ respect for the human rights to privacy, non-discrimination, freedom of expression, and freedom of information.",,,https://rankingdigitalrights.org/2023/07/26/provide-feedback-on-rdrs-draft-generative-ai-accountability-indicators/,"Domains,Test & Learn","AI in Government,Outcomes Measurement",https://civictech.guide/generative-ai-accountability-indicators-gaia,core: AI Auditing; Evaluate impact | Advocacy organization
Good Jobs First,Research,Advocacy,Federal,Good Jobs First is a national policy resource center that promotes corporate and government accountability in economic development.,,,https://goodjobsfirst.org/,"Test & Learn,Participatory Democracy","Evidence Use,Transparency & Accountability",https://civictech.guide/good-jobs-first,core: Civil society research outfits; Watchdogging government | Non-profit / charity / foundation
Governable Space-Makers Fellowship,Fellowships,Research,,"The fellowship invited a team of three fellows to combine artistic, technical, and ethnographic methods to produce an interactive online space for exploring a particular aspect of self-governance, as well as a speculative ethnography detailing their the team's working process and the implications of their work in the context of an evolving landscape of where and how governance happens online.",,,https://metagov.org/projects/governable-spacemakers-fellowship/governable-space-makers-fellowship,"Talent & Hiring,Domains","Talent Pipeline,AI in Government",https://civictech.guide/governable-space-makers-fellowship,core: Fellowships; Governance of AI | Non-profit / charity / foundation
Institute for Development and Social Initiatives (IDIS - Viitorul),Research,Advocacy,,"În calitate de think tank independent, IDIS combină cercetarea socială, politică și economică cu componente solide de advocacy",,,http://www.viitorul.org/,"Test & Learn,Participatory Democracy","Evidence Use,Transparency & Accountability",https://civictech.guide/institute-for-development-and-social-initiatives-idis-viitorul,core: Think tanks; Watchdogging government | Non-profit / charity / foundation
Institute for Security and Technology,GovTech,Digital Services & Consulting,,We design and advance solutions to the world's toughest emerging security threats,,,https://securityandtechnology.org/,"Technology & Data,Service Delivery","Data Security,Service Design",https://civictech.guide/institute-for-security-and-technology,core: Cybersecurity; Supporting public sector from outside government | Non-profit / charity / foundation
Internet Activism,Digital Services & Consulting,GovTech,,"A 501(c)(3) non-profit creating modern digital solutions for real-world, physical problems.",,,https://www.internetactivism.org/,"Service Delivery,Domains","Service Design,Crisis Response",https://civictech.guide/internet-activism,core: Civic apps outfits; Disaster response and humanitarian tech | Non-profit / charity / foundation
Knight-Georgetown Institute (KGI),Research,,,"Georgetown has partnered with the John S. and James L. Knight Foundation to invest $30 million in a nonpartisan institute that helps policymakers and tech industry leaders address pressing issues related to technology, policy and ethics and make informed decisions on how technology is used to shape, produce and share information across platforms.",,,https://kgi.georgetown.edu/,"Test & Learn,Domains","Evidence Use,AI in Government",https://civictech.guide/knight-georgetown-institute-kgi,core: Research and policy centers; Tech or Digital Policy | Academic / research organization
L.A. REPAIR,Government,Community,City,"The Los Angeles Reforms for Equity and Public Acknowledgment of Institutional Racism (L.A. REPAIR) is L.A.'s first participatory budget pilot program. L.A. REPAIR will distribute roughly $8.5 million directly to nine L.A. City neighborhoods, called REPAIR Zones.",,,https://repair.lacity.org/,Participatory Democracy,Civic Engagement,https://civictech.guide/la-repair,core: Participatory budgeting; Participatory budgeting programs | Government / public sector
Local Policy Lab,Research,Digital Services & Consulting,City,The Local Policy Lab accelerates the adoption of effective solutions to pressing problems at the local governmental level.,,,https://www.localpolicylab.org/,"Test & Learn,Service Delivery","Evidence Use,Service Design",https://civictech.guide/local-policy-lab,core: Research and policy centers; Supporting public sector from outside government | Non-profit / charity / foundation
Master of Science in Computational Analysis and Public Policy at the University of Chicago,Research,Capacity Building,,"The MSCAPP curriculum is a three-legged stool, building foundational knowledge of computer science, statistics, and public policy analysis.",,,http://capp.uchicago.edu/,"Talent & Hiring,Domains","Talent Pipeline,AI in Government",https://civictech.guide/master-of-science-in-computational-analysis-and-public-policy-at-the-university-of-chicago,core: Degree programs; Tech or Digital Policy | Academic / research organization
MIT Center for Constructive Communication,Research,Digital Services & Consulting,,"Designing tools, methods and systems that connect rather than divide us to create a healthier society.",,,https://www.ccc.mit.edu/,"Service Delivery,Test & Learn","Service Design,Evidence Use",https://civictech.guide/mit-center-for-constructive-communication,core: Civic apps outfits; Research and policy centers | Academic / research organization
New York City Council,Government,"Advocacy,Community",City,"From Woodlawn to Coney Island, every neighborhood in New York City is part of a Council District, each represented by an elected Council Member. The New York City Council votes on legislation, approves the city budget, and oversees city agencies.",,,https://council.nyc.gov,Participatory Democracy,"Transparency & Accountability,Civic Engagement",https://civictech.guide/new-york-city-council,core: Government transparency; Participatory budgeting | Government / public sector
NYC Civic Engagement Commission Decidim platform,Government,Community,City,"A space to enhance civic participation, promote civic trust, and strengthen democracy in New York City",,,https://www.participate.nyc.gov/,Participatory Democracy,Civic Engagement,https://civictech.guide/nyc-civic-engagement-commission-decidim-platform,core: Participatory budgeting; Participatory budgeting programs | Government / public sector
Project on Government Oversight (POGO),Advocacy,,Federal,"An organization dedicated to investigating corruption, injustice, and abuse of power in the federal government and advocating for reforms.",,,http://www.pogo.org/,Participatory Democracy,Transparency & Accountability,https://civictech.guide/project-on-government-oversight-pogo,core: Government transparency; Watchdogging government | Non-profit / charity / foundation
Public Technology Institute (PTI),Community,Digital Services & Consulting,City,"Actively supporting local government technology leaders and their teams through research & content, professional development, consulting services, learning and networking events, membership, workforce connections and recognition programs.",,,https://fusionlp.org/public-technology-institute/,"Participatory Democracy,Service Delivery","Civic Engagement,Service Design",https://civictech.guide/public-technology-institute-pti,core: Peer networks; Supporting public sector from outside government | For-profit business / social enterprise / B Corp
Quadrant 2,GovTech,Digital Services & Consulting,,Quadrant 2 invents tech for good Q2 is a product studio that specializes in mobile application platforms that help strengthen relationships between our clients and their community.,,,https://www.quadrant2.us/,"Technology & Data,Service Delivery","Shared Platforms,Service Design",https://civictech.guide/quadrant-2,core: Civic and social impact companies; Civic apps outfits | For-profit business / social enterprise / B Corp
RABET-V,GovTech,,,"The RABET-V program is a rapid, reliable, and cost-effective approach to verifying enterprise technologies with standards updated based on industry best practices.",,,https://www.cisecurity.org/elections/rabetv,"Technology & Data,Participatory Democracy","Data Security,Democracy Infrastructure",https://civictech.guide/rabet-v,core: Cybersecurity; Election administration | Non-profit / charity / foundation
REAL ML,Research,,,REAL ML supports and advances interdisciplinary research that holds the use of algorithms and AI technologies to account—with a focus on the perspectives and experiences of marginalized communities,,,https://realml.org,"Domains,Test & Learn","AI in Government,Evidence Use",https://civictech.guide/real-ml,core: Governance of AI; Research and policy centers | Academic / research organization
"Responsible Design, Development, and Deployment of Technologies (ReDDDoT)",Government,"Philanthropy,Ecosystems",,"Supports research, implementation and education projects involving multi-sector teams that focus on the responsible design, development or deployment of technologies.",,,https://new.nsf.gov/funding/opportunities/responsible-design-development-deployment,"Test & Learn,Procurement & Operations","Scaling What Works,Procurement Reform",https://civictech.guide/responsible-design-development-and-deployment-of-technologies-redddot,core: Funders & donors; Public Private Partnerships | Government / public sector
Revolving Door Project (RDP),Advocacy,,,RDP scrutinizes executive branch appointees to ensure they use their office to serve the broad public interest.,,,https://therevolvingdoorproject.org/,Participatory Democracy,Transparency & Accountability,https://civictech.guide/revolving-door-project-rdp,core: Government transparency; Watchdogging government | Non-profit / charity / foundation
Stanford Cyber Policy Center,Research,,,"Stanford University's research center for the interdisciplinary study of issues at the nexus of technology, governance and public policy",,,https://cyber.fsi.stanford.edu/,"Test & Learn,Domains","Evidence Use,AI in Government",https://civictech.guide/stanford-cyber-policy-center,core: Research and policy centers; Tech or Digital Policy | Academic / research organization
Tech Policy Institute at Cornell,Research,,,Brooks School of Public Policy,,,https://www.tpi.as.cornell.edu/,"Test & Learn,Domains","Evidence Use,AI in Government",https://civictech.guide/tech-policy-institute-at-cornell,core: Research and policy centers; Tech or Digital Policy | Academic / research organization
The Connectivity Policy Corps,Advocacy,Research,Federal,"The National Digital Inclusion Alliance (NDIA) and Public Knowledge are excited to announce the launch of the Connectivity Policy Corps (CPC), a groundbreaking program designed to shape broadband and digital inclusion policies nationwide.",,,https://www.digitalinclusion.org/blog/ndia-public-knowledge-launch-the-connectivity-policy-corps/,Domains,"Broadband & Internet Connectivity,AI in Government",https://civictech.guide/the-connectivity-policy-corps,core: Connectivity; Tech or Digital Policy | Non-profit / charity / foundation
The Opportunity Project,Government,"GovTech,Digital Services & Consulting",Federal,The Opportunity Project helps teams use federal open data to build solutions to our nation’s toughest challenges.,,,https://opportunity.census.gov/,"Technology & Data,Service Delivery","Shared Platforms,Service Design",https://civictech.guide/the-opportunity-project,core: Building in the private sector; Supporting public sector from outside government | Government / public sector
The People Lab,Research,"GovTech,Digital Services & Consulting",,Producing cutting-edge research on the people of government and the communities they are called to serve.,,,https://cities.harvard.edu/initiatives/people-lab/,Service Delivery,Service Design,https://civictech.guide/the-people-lab,core: Communicating with the government; Supporting public sector from outside government | Academic / research organization
The People's Money,Government,Community,,"NYC's first citywide Mayoral participatory budgeting process, run by the NYC Civic Engagement Commission (CEC) (2022-2023)",,,https://www.participate.nyc.gov/processes/trie-pb,Participatory Democracy,Civic Engagement,https://civictech.guide/the-peoples-money,core: Participatory budgeting; Participatory budgeting programs | Government / public sector
The Wilson Center's Technology Labs,Digital Services & Consulting,Research,,Core science and tech policy trainings open to US government staff,,,https://www.wilsoncenter.org/tech-labs,"Service Delivery,Domains","Service Design,AI in Government",https://civictech.guide/the-wilson-centers-technology-labs,core: Supporting public sector from outside government; Tech or Digital Policy | Non-profit / charity / foundation
The Workers' Algorithm Observatory (WAO),Research,,,Worker-led audits in the platform economy,,,https://wao.cs.princeton.edu/,"Domains,Test & Learn","AI in Government,Evidence Use",https://civictech.guide/the-workers-algorithm-observatory-wao,core: AI Auditing; Research and policy centers | Academic / research organization
UW Tech Policy Lab,Research,,,"The Tech Policy Lab at the University of Washington brings together experts in law, information, and computer science to enhance technology policy.",,,https://techpolicylab.uw.edu/,"Test & Learn,Domains","Evidence Use,AI in Government",https://civictech.guide/uw-tech-policy-lab,core: Research and policy centers; Tech or Digital Policy | Academic / research organization
10x,Government,,Federal,10x is the federal government’s very own venture studio,,,https://10x.gsa.gov/,Test & Learn,Iterative Learning,https://civictech.guide/10x,core: Innovation teams and labs | Government / public sector
AI & Democracy Foundation,Research,,,To accelerate work toward democratic governance and alignment of AI.,,,https://ai-dem.org/,Domains,AI in Government,https://civictech.guide/ai-democracy-foundation,core: Governance of AI | Non-profit / charity / foundation
Amplifi,Digital Services & Consulting,,,Amplifi creates tools that simplify complex systems so people can access essential benefits and resources with dignity.,,,https://www.amplifi.org/,Service Delivery,Service Design,https://civictech.guide/amplifi,core: Civic apps outfits | Non-profit / charity / foundation
Ballots and Audits Standards for Election Excellence,GovTech,,,The nonpartisan standards define excellence in U.S. election administration for local election departments across the country.,,,https://electionexcellence.org/standards-for-excellence/,Participatory Democracy,Democracy Infrastructure,https://civictech.guide/ballots-and-audits-standards-for-election-excellence,core: Election administration | Non-profit / charity / foundation
Build_ Cities,Digital Services & Consulting,,City,We are a city-building studio to seed and scale full-stack startup cities in areas where little to no infrastructure may have existed before.,,,https://www.buildcities.com/projects,Service Delivery,Service Design,https://civictech.guide/build-cities,core: Civic apps outfits
California Cradle-to-Career Data System,Government,GovTech,State,A statewide data system that will provide tools to help students reach their goals and deliver information on education and workforce outcomes.,,,https://c2c.ca.gov/,Technology & Data,Data Integration,https://civictech.guide/california-cradle-to-career-data-system,core: Open government data | Government / public sector
Census Open Innovation Labs,Government,,Federal,"We bring together government, industry, and communities to unleash creativity and solve national challenges.",,,https://opportunity.census.gov/coil/,Test & Learn,Iterative Learning,https://civictech.guide/census-open-innovation-labs,core: Innovation teams and labs | Government / public sector
Center for Labor and a Just Economy (CLJE:Lab),Research,Government,Federal,CLJE:Lab is the policy and legal innovation lab at Harvard Law School’s Center for Labor and a Just Economy – where our ideas for building worker power and strengthening democracy hit the ground.,,,https://clje.law.harvard.edu/cljelab/,Test & Learn,Iterative Learning,https://civictech.guide/center-for-labor-and-a-just-economy-cljelab,core: Innovation teams and labs | Academic / research organization
Center for Tech and Civic Life,GovTech,,City,Modernizing engagement between local government and the people you serve,,,https://www.techandciviclife.org/,Participatory Democracy,Democracy Infrastructure,https://civictech.guide/center-for-tech-and-civic-life,core: Election administration | Non-profit / charity / foundation
Civic Software Foundation,Digital Services & Consulting,,,"Building the next generation of collaborative systems, owned entirely in the public interest",,,https://civicsoftwarefoundation.org/,Service Delivery,Service Design,https://civictech.guide/civic-software-foundation,core: Civic apps outfits | Non-profit / charity / foundation
Clooney Foundation for Justice,Advocacy,,,"By providing a neutral report of what happens in court, trial monitors can help ensure that rights are respected and abuses exposed.",,,https://www.trialwatchtraining.org/,Participatory Democracy,Transparency & Accountability,https://civictech.guide/clooney-foundation-for-justice,core: Watchdogging government | Non-profit / charity / foundation
Data Driven Detroit,Digital Services & Consulting,,,"Metro Detroit's Community Data Hub We collect, analyze, interpret, and share high-quality data to drive informed decision-making processes and increase data-driven outcomes.",,,https://datadrivendetroit.org/,Service Delivery,Service Design,https://civictech.guide/data-driven-detroit,core: Civic apps outfits | For-profit business / social enterprise / B Corp
Datum Awards,GovTech,,,"Nominees are individuals who are champions for the use of data in evidence-based decision-making, transparency, and accountability.",,,https://datacoalition.org/blog/12928593,Technology & Data,Data Integration,https://civictech.guide/datum-awards,core: Open government data | Non-profit / charity / foundation
Digital Identity in Public Benefits Research,Research,GovTech,Federal,"The National Institute of Standards and Technology (NIST), the Digital Benefits Network (DBN) at the Beeck Center for Social Impact + Innovation at Georgetown University, and the Center for Democracy and Technology (CDT) are collaborating on a two-year-long collaborative research and development project to adapt NIST’s digital identity guidelines to better support the implementation of public bene",,,https://www.digitalbenefitshub.org/community/digital-identity-in-public-benefits-research?mc_cid=d843eaa8ff,Technology & Data,Data Integration,https://civictech.guide/digital-identity-in-public-benefits-research,core: Identity | Academic / research organization
Displacement Alert,GovTech,,,The Displacement Alert Project uses data and information visualization tools to proactively identify buildings that are facing a high risk of displacement,,,https://www.displacementalert.org/,Service Delivery,Service Design,https://civictech.guide/displacement-alert,core: Service alerts | Non-profit / charity / foundation
District Civic Labs,Digital Services & Consulting,,,Civic innovation & equality in DC,,,https://districtciviclabs.org/,Service Delivery,Service Design,https://civictech.guide/district-civic-labs,core: Civic apps outfits | Non-profit / charity / foundation
Environmental Data & Governance Initiative (EDGI),Advocacy,,Federal,"EDGI is an action-oriented research collaborative driven by the Environmental Right to Know (ERTK) – the belief that people should be able to know and make decisions about environmental conditions of concern, and that the collection and stewardship of environmental information should equip people, communities, and workers to protect their health and support the flourishing of surrounding ecosystem",,,https://envirodatagov.org/,Participatory Democracy,Transparency & Accountability,https://civictech.guide/environmental-data-governance-initiative-edgi,core: Government transparency | Non-profit / charity / foundation
Eticas Foundation,Research,,,Community-led AI Audits: Making AI Systems Fair & Accountable,,,https://eticasfoundation.org/,Domains,AI in Government,https://civictech.guide/eticas-foundation,core: AI Auditing | Non-profit / charity / foundation
GrantWell,Government,Digital Services & Consulting,City,Every Grant. Every Deadline. One System Built for Cities.,,,https://www.grantwell.co/,Service Delivery,Service Design,https://civictech.guide/grantwell,core: Supporting public sector from outside government | Government / public sector
Horizontal,Digital Services & Consulting,,,"Horizontal works with human rights defenders and frontline activists in highly repressive environments–in places where dissent is a crime, where basic freedoms are routinely trampled on. But developing technology that is genuinely empowering is about more than tech, it's about who develops and how.",,,https://wearehorizontal.org/index.html,Service Delivery,Service Design,https://civictech.guide/horizontal,core: Civic apps outfits
Humane Intelligence,Research,,,Humane Intelligence is a tech nonprofit building a community of practice around algorithmic evaluations.,,,https://www.humane-intelligence.org/,Domains,AI in Government,https://civictech.guide/humane-intelligence,core: AI Auditing | Non-profit / charity / foundation
Internet Law & Policy Foundry,Research,,,The Foundry is a collaborative organization for Internet law and policy professionals who are passionate about disruptive innovation,,,https://www.ilpfoundry.us/#about,Domains,AI in Government,https://civictech.guide/internet-law-policy-foundry,core: Tech or Digital Policy
Lynwood Unified Artificial Intelligence Taskforce,Government,Advocacy,,"As Lynwood Unified moves forward with integrating artificial intelligence technologies into the classroom, the district is assembling an AI Taskforce to help guide this process. Download Resources",,,https://ai.mylusd.org/,Procurement & Operations,Procurement Reform,https://civictech.guide/lynwood-unified-artificial-intelligence-taskforce,core: Procurement oversight | Government / public sector
Measures for Justice,GovTech,,Federal,Measures for Justice is on a mission to make accurate criminal justice data available to spur reform.,,,http://www.measuresforjustice.org/,Technology & Data,Shared Platforms,https://civictech.guide/measures-for-justice,core: Open data publishing portals | Non-profit / charity / foundation
Metropolitan Area Planning Council,Government,,City,The Metropolitan Area Planning Council is the regional planning agency serving the people who live and work in the 101 cities and towns of Metro Boston.,,,https://www.mapc.org/,Test & Learn,Iterative Learning,https://civictech.guide/metropolitan-area-planning-council,core: Building inside government | Government / public sector
MyCapitol,Advocacy,,Federal,"Policy intelligence tool for advocates, nonprofits, and everyday people",,,https://mycapitol.ai/,Participatory Democracy,Transparency & Accountability,https://civictech.guide/mycapitol,core: Legislation trackers | Non-profit / charity / foundation
National Science Foundation's Smart & Connected Communities Virtual Organization,Government,Ecosystems,Federal,"Pushing the Boundaries of Scientific Innovation to Create a Smarter, Sustainable, and Resilient Future for Communities",,,https://sccvo.org/,Procurement & Operations,Procurement Reform,https://civictech.guide/national-science-foundations-smart-connected-communities-virtual-organization,core: Public Private Partnerships | Government / public sector
National Whistleblower Center (NWC),Advocacy,,Federal,"For 35 years, the National Whistleblower Center has been a frontline defender of those brave enough to expose corruption, fraud, and abuse.",,,https://www.whistleblowers.org/,Participatory Democracy,Transparency & Accountability,https://civictech.guide/national-whistleblower-center-nwc,core: Watchdogging government | Non-profit / charity / foundation
New York City Civic Engagement Commission (CEC),Government,,City,"The Civic Engagement Commission will enhance civic participation, promote civic trust, and strengthen democracy in New York City.",,,https://www1.nyc.gov/site/civicengagement/index.page,Test & Learn,Iterative Learning,https://civictech.guide/new-york-city-civic-engagement-commission-cec,core: Building inside government | Government / public sector
New York City Civic Engagement Commission Decidim Partnership,Government,GovTech,City,New York City became the first local government outside Catalonia to establish a formal collaboration framework with the Decidim Association.,,,https://decidim.org/blog/2026-07-06-decidim-and-the-new-york-city-civic-engagement-commission-formalise-partnership-with-a-memorandum-of-understanding/,Participatory Democracy,Civic Engagement,https://civictech.guide/new-york-city-civic-engagement-commission-decidim-partnership,core: Digital participation platforms | Government / public sector
NYC EDC,Government,,,AI Confessions,,,https://edc.nyc/press-release/de-blasio-administration-and-council-member-ydanis-rodriguez-announce-formation-local,Test & Learn,Iterative Learning,https://civictech.guide/nyc-edc,core: Innovation teams and labs | Government / public sector
NYC Planning Labs,Government,,City,"NYC Planning Labs builds open, impactful, modern technology tools for urban planners",,,https://labs.planning.nyc.gov,Test & Learn,Iterative Learning,https://civictech.guide/nyc-planning-labs,core: Innovation teams and labs | Government / public sector
NYC Smart City Testbed,Government,Ecosystems,City,The NYC Smart City Testbed Program is inspiring innovation within City government by streamlining and accelerating the citywide process for piloting emerging technologies.,,,https://testbed.cityofnewyork.us/,Test & Learn,Iterative Learning,https://civictech.guide/nyc-smart-city-testbed,core: Testbeds and Sandboxes | Government / public sector
Observatory of Public Sector AI,Research,Digital Services & Consulting,Federal,"By analyzing how public employees learn, use, and adapt AI at work, the Observatory aims to identify which investments in skills and training strengthen government capacity, improve services, and deliver better outcomes for residents.",,,https://research-template--innovate-us.netlify.app/innovateus-research,Service Delivery,Service Design,https://civictech.guide/observatory-of-public-sector-ai,core: Supporting public sector from outside government | Academic / research organization
Plural (previously OpenStates.org),Advocacy,,,"Track bills, review legislation, research data & see how your representatives are voting.",,,https://pluralpolicy.com/open/,Participatory Democracy,Transparency & Accountability,https://civictech.guide/plural-previously-openstatesorg,core: Parliamentary and congressional monitoring | For-profit business / social enterprise / B Corp
Psst.org,Advocacy,,,"Psst is a non-partisan, non-profit public service that helps people bring forward public interest information.",,,https://psst.org/,Participatory Democracy,Transparency & Accountability,https://civictech.guide/psstorg,core: Watchdogging government | Non-profit / charity / foundation
Public Rights Project,Digital Services & Consulting,,,"Since 2017, we've recovered over $46 million in relief for marginalized people; built a network of over 1,300 government offices, elected officials, and community-based organizations in 50 states; trained 130 prosecutors and government lawyers in 24 states; and secured court victories on abortion, immigrant, workers’, and voting rights",,,https://www.publicrightsproject.org/,Service Delivery,Service Design,https://civictech.guide/public-rights-project,core: Supporting public sector from outside government | Non-profit / charity / foundation
Ridiculously Hopeful Futures,Digital Services & Consulting,,,"Ridiculously Hopeful Future: a bold, slightly wild, and very optimistic project to transform how government social safety net programs are designed.",,,https://civicmakers.com/ridiculously-hopeful-futures/,Service Delivery,Service Design,https://civictech.guide/ridiculously-hopeful-futures,core: Supporting public sector from outside government | For-profit business / social enterprise / B Corp
Rural and Nonmetro Election Infrastructure Grant Program,GovTech,,Federal,CTCL is thrilled to launch a nonpartisan grant program to help rural and nonmetro election jurisdictions ensure reliable and secure elections consistent with applicable law.,,,https://www.techandciviclife.org/our-work/election-officials/grants/2024grants/,Participatory Democracy,Democracy Infrastructure,https://civictech.guide/rural-and-nonmetro-election-infrastructure-grant-program,core: Election administration | Non-profit / charity / foundation
ScanGov,GovTech,,,"ScanGov is a government digital experience platform that helps public agencies monitor, improve, and maintain their websites. The service combines automated scanning with clear guidance to help government teams deliver better online services to the public through standards-based improvements.",,,https://scangov.com/,Service Delivery,Service Design,https://civictech.guide/scangov,core: Service alerts | For-profit business / social enterprise / B Corp
The Lab @ DC,Government,,,"The Lab uses scientific insights and methods to test and improve policies and provide timely, relevant, and high-quality analysis to inform the District's most important decisions.",,,https://thelab.dc.gov/,Test & Learn,Iterative Learning,https://civictech.guide/the-lab-at-dc,core: Innovation teams and labs | Government / public sector
The Metagovernance Project (Metagov),Digital Services & Consulting,,,"a laboratory for digital governance Our collaborations include: Metagov Gateway, a unified API gateway for digital governance services (docs, slides, video) Modular Politics, a working paper outlining a governance layer for the internet Govbase, an open database of projects and tools in online governance Agreement Engine, a tool for building contract systems on the internet DAOstar One, a roundtab",,,https://metagov.org/,Service Delivery,Service Design,https://civictech.guide/the-metagovernance-project-metagov,core: Civic apps outfits | Non-profit / charity / foundation
The Signals Network,Advocacy,,,The Signals Network supports whistleblowers to hold powerful interests to account all over the world.,,,https://thesignalsnetwork.org/,Participatory Democracy,Transparency & Accountability,https://civictech.guide/the-signals-network,core: Watchdogging government | Non-profit / charity / foundation
type2dialogue,Digital Services & Consulting,,,"Type2Dialogue provides AI-enabled tools for organizers doing the hardest kind of work—changing minds, building commitment, and mobilizing action.",,,https://type2dialogue.com/,Service Delivery,Service Design,https://civictech.guide/type2dialogue,core: Civic apps outfits
United States Department of State's Office of the Special Envoy for Critical and Emerging Technology,Government,Research,Federal,Secretary Blinken established the office as part of the wider modernization agenda because the constellation of critical and emerging technologies reshaping the world is now an integral part of the conduct of U.S. foreign policy and diplomacy.,,,https://www.state.gov/establishing-the-office-of-the-special-envoy-for-critical-and-emerging-technology/,Domains,AI in Government,https://civictech.guide/united-states-department-of-states-office-of-the-special-envoy-for-critical-and-emerging-technology,core: Tech or Digital Policy | Government / public sector
US GAO Innovation Lab,Government,,,"At the Innovation Lab, an arm of the Science, Technology Assessment, and Analytics team at the Government Accountability Office, we’re using emerging technology to rethink analytics, auditing, and cybersecurity.",,,https://gaoinnovations.gov/,Test & Learn,Iterative Learning,https://civictech.guide/us-gao-innovation-lab,core: Innovation teams and labs | Government / public sector
Verified Voting,GovTech,,,Verified Voting’s mission is to strengthen democracy for all voters by promoting the responsible use of technology in elections.,,,https://verifiedvoting.org/,Participatory Democracy,Democracy Infrastructure,https://civictech.guide/verified-voting,core: Election administration | Non-profit / charity / foundation
With Neighbors,Advocacy,,Federal,With Neighbors supports a national wave of local microgrant programs.,,,https://withneighbors.org,Participatory Democracy,Transparency & Accountability,https://civictech.guide/with-neighbors,core: Government transparency | Non-profit / charity / foundation
YAI Center for Innovation and Engagement,Government,,,YAI’s Center for Innovation and Engagement understands how technology can help people with intellectual and developmental disabilities better participate in their community.,,,https://www.yai.org/services/center-innovation-and-engagement,Test & Learn,Iterative Learning,https://civictech.guide/yai-center-for-innovation-and-engagement,core: Innovation teams and labs | Non-profit / charity / foundation
City Science Network,Research,Ecosystems,City,MIT City Science has developed an international network of cooperative City Science Labs,,,https://www.media.mit.edu/projects/city-science-network/overview/,Test & Learn,"Scaling What Works,Evidence Use",https://civictech.guide/city-science-network,supporting: Partner networks and coalitions; Peer-reviewed research; Research and policy centers | Academic / research organization
Disaster Relief by Amazon,GovTech,Community,,"""A five-member team of Amazon product and program managers connecting with nonprofits worldwide and are ready to respond to requests for resources during a disaster."" - GovTech",,,https://www.govtech.com/em/disaster/Disaster-Relief-by-Amazon-a-Small-Team-with-a-Lot-to-Offer.html,"Technology & Data,Domains,Talent & Hiring","Shared Platforms,Crisis Response,Expert Contribution",https://civictech.guide/disaster-relief-by-amazon,supporting: Civic teams at tech companies; Disaster response and humanitarian tech; Pro bono and volunteer | For-profit business / social enterprise / B Corp
Open Technology Fund (OTF),Advocacy,"GovTech,Philanthropy",,"We support the research, design, development, and deployment of technology-focused projects that counter online censorship and combat repressive surveillance, to enable global internet users to exercise their fundamental human rights online.",,,https://www.opentech.fund/,"Domains,Technology & Data,Test & Learn","Broadband & Internet Connectivity,Data Security,Scaling What Works",https://civictech.guide/open-technology-fund-otf,supporting: Connectivity; Cybersecurity; Funders & donors | Non-profit / charity / foundation
"Public Interest Technology, MS at Arizona State University",Research,Capacity Building,,"Do you have a passion for ensuring technology and innovation benefit society? Join this unique program and become a leader in examining and using technology for social good, whether in the public or private sector or in nonprofit organizations.",,,https://asuonline.asu.edu/online-degree-programs/graduate/public-interest-technology-masters/,Talent & Hiring,Talent Pipeline,https://civictech.guide/public-interest-technology-ms-at-arizona-state-university,supporting: Academic programs; Degree programs; Public Interest Tech | Academic / research organization
Public Servants,GovTech,Digital Services & Consulting,,"We’re a team of experienced public servants, designers, and strategists who help organizations solve complex problems and strengthen systems that serve everyone better.",,,https://www.publicservants.com/,"Technology & Data,Service Delivery,Participatory Democracy","Shared Platforms,Service Design,Civic Engagement",https://civictech.guide/public-servants,supporting: Building in the private sector; Design; Participation consultants | For-profit business / social enterprise / B Corp
Smart Cities Council,Ecosystems,,City,"Welcome to the world's leading organization for Smart Cities, Smart Buildings, Strategies, Policy, Research and Technologies.",,,https://www.smartcitiescouncil.com/,"Test & Learn,Procurement & Operations","Scaling What Works,Procurement Reform",https://civictech.guide/smart-cities-council,supporting: Accelerators; Hubs; Trade groups
Annenberg Civic Media Fellowship,Research,"Fellowships,Ecosystems",,"a fellowship program to empower social entrepreneurs, artists, activists, scholars and other catalysts to increase awareness, understanding and engagement around pressing areas of public interest, with particular attention to underrepresented communities and their ideas",,,https://www.annenberglab.com/civic-media-fellowship/,Talent & Hiring,"Talent Pipeline,Hiring Process",https://civictech.guide/annenberg-civic-media-fellowship,supporting: Fellowships; Find a job or hire someone | Academic / research organization
Atlantic Council Democracy + Tech Initiative,Research,Fellowships,,The Digital Forensic Research Lab’s Democracy + Tech Initiative centers human rights and democracy in technology and policy debates.,,,https://www.atlanticcouncil.org/programs/digital-forensic-research-lab/democracy-and-tech-initiative/,"Test & Learn,Talent & Hiring","Evidence Use,Talent Pipeline",https://civictech.guide/atlantic-council-democracy-tech-initiative,supporting: Civil society research outfits; Fellowships | Non-profit / charity / foundation
Center for AI and Digital Policy (CAIDP),Research,,Federal,"""The Center for AI and Digital Policy aims to promote a better society, more fair, more just — a world where technology promotes broad social inclusion based on fundamental rights, democratic institutions, and the rule of law.""",,,https://www.caidp.org/,Test & Learn,Evidence Use,https://civictech.guide/center-for-ai-and-digital-policy-caidp,supporting: Civil society research outfits; Research and policy centers | Non-profit / charity / foundation
Center for Human Services Research at University at Albany SUNY,Research,Digital Services & Consulting,Federal,"CHSR is dedicated to developing empirically-based knowledge to improve the design and delivery of services that address social issues and meet community needs in the Capital region, across New York State, and across the United States.",,,https://www.albany.edu/chsr/,"Service Delivery,Test & Learn","Service Design,Evidence Use",https://civictech.guide/center-for-human-services-research-at-university-at-albany-suny,supporting: Co-design; Research and policy centers | Academic / research organization
City AI Connect,Research,Ecosystems,City,"A global community for cities to learn about generative AI together, faster.",,,https://cityaiconnect.jhu.edu/,Test & Learn,"Scaling What Works,Evidence Use",https://civictech.guide/city-ai-connect,supporting: Partner networks and coalitions; Research and policy centers | Academic / research organization
Civic Service Design Graduate Minor at The New School,Research,"Capacity Building,Digital Services & Consulting",City,"The Civic Service Design minor draws upon a practice and subfield of research and theory that connect to design, social theory, and public policy and management frameworks, methods, and tools to reformulate participation and decision making in the creation of public policies, programs, and services, with the goal of fostering more just and equitable cities and societies.",,,https://www.newschool.edu/graduate-minor/civic-service-design/,"Talent & Hiring,Service Delivery","Talent Pipeline,Service Design",https://civictech.guide/civic-service-design-graduate-minor-at-the-new-school,supporting: Academic programs; Design | Academic / research organization
Civic Trust,Digital Services & Consulting,Community,City,"Participatory Budgeting empowers communities, amplifies voices, and transforms ideas into action. Partner with Civic Trust to build engaged, thriving cities.",,,https://www.civictrust.us/,Participatory Democracy,Civic Engagement,https://civictech.guide/civic-trust,supporting: Participation consultants; Participatory budgeting | For-profit business / social enterprise / B Corp
Data Futures Lab,Philanthropy,Ecosystems,,The Data Futures Lab is an experimental space for instigating new approaches to data stewardship challenges.,,,https://www.mozillafoundation.org/en/data-futures-lab/,Test & Learn,Scaling What Works,https://civictech.guide/data-futures-lab,supporting: Funders & donors; Incubators | Non-profit / charity / foundation
DataMade,GovTech,,,"DataMade is a civic technology company. We build open source technology using open data to empower journalists, researchers, governments and advocacy organizations.",,,https://datamade.us/,Technology & Data,Shared Platforms,https://civictech.guide/datamade,supporting: Building in the private sector; Civic and social impact companies | For-profit business / social enterprise / B Corp
Democracy Innovation Hub,Research,Advocacy,,"We convene and train public servants, community leaders and educators to use participatory methods of engagement and tools, with a focus on citizens’ assemblies.",,,https://hac.bard.edu/programs/democracy-innovation-hub/,"Test & Learn,Participatory Democracy","Evidence Use,Democracy Infrastructure",https://civictech.guide/democracy-innovation-hub,supporting: Research and policy centers; Sortition & Citizen Assemblies | Academic / research organization
Digital Civil Society Lab,Research,,,"Helping civil society organizations use digital resources safely, ethically and effectively.",,,https://pacscenter.stanford.edu/research/digital-civil-society-lab/,Test & Learn,Evidence Use,https://civictech.guide/digital-civil-society-lab,supporting: Peer-reviewed research; Research and policy centers | Academic / research organization
JMI Equity,Philanthropy,Investor,,US-based Government & Nonprofit Portfolio,,,https://www.jmi.com/companies/,Test & Learn,Scaling What Works,https://civictech.guide/jmi-equity,supporting: Funders & donors; Investors | For-profit business / social enterprise / B Corp
Legal Design Lab,Research,,,"The Legal Design Lab team researches, designs, and develops new interventions to ensure access to justice for all.",,,https://law.stanford.edu/legal-design-lab,"Talent & Hiring,Test & Learn","Talent Pipeline,Evidence Use",https://civictech.guide/legal-design-lab,supporting: Public Interest Tech; Research and policy centers | Academic / research organization
Mozilla Foundation Incubator,Philanthropy,Ecosystems,,Bridging a critical gap in funding to help values-driven tech thrive,,,https://www.mozillafoundation.org/en/what-we-do/grantmaking/incubator/,Test & Learn,Scaling What Works,https://civictech.guide/mozilla-foundation-incubator,supporting: Funders & donors; Incubators | Non-profit / charity / foundation
National Digital Inclusion Alliance,Advocacy,Ecosystems,Federal,National Digital Inclusion Alliance advances digital equity by supporting community programs and equipping policymakers to act.,,,https://www.digitalinclusion.org/,"Domains,Test & Learn","Broadband & Internet Connectivity,Scaling What Works",https://civictech.guide/national-digital-inclusion-alliance,supporting: Connectivity; Partner networks and coalitions | Non-profit / charity / foundation
Policy Innovation Lab (PIL) at Heinz College,Research,Capacity Building,,"The Policy Innovation Lab (PIL) is an intensive, applied policy course at Heinz College that prepares students to become public interest technologists who are creative, ethical, inclusive, and responsive.",,,https://www.heinz.cmu.edu/about/public-interest-technology/policy-innovation-lab,Talent & Hiring,Talent Pipeline,https://civictech.guide/policy-innovation-lab-pil-at-heinz-college,supporting: Academic programs; Public Interest Tech | Academic / research organization
research4impact,Research,,,"We envision a world in which people with diverse forms of expertise seamlessly learn from each other, particularly those working to understand and solve complex social problems.",,,https://r4impact.org/,Test & Learn,Evidence Use,https://civictech.guide/research4impact,supporting: Civil society research outfits; Research and policy centers | Non-profit / charity / foundation
Social Workers Who Design,Digital Services & Consulting,,,"Empowering design leaders , educators , and practitioners with thoughtful and strategic guidance on trauma-informed design, research, and practice.",,,https://www.socialworkerswho.design,Service Delivery,Service Design,https://civictech.guide/social-workers-who-design,supporting: Design; Social impact design firms | For-profit business / social enterprise / B Corp
Urban US,Ecosystems,Philanthropy,City,The first venture fund for startups that are making cities better.,,,https://urban.us/,Test & Learn,Scaling What Works,https://civictech.guide/urban-us,supporting: Accelerators; Funders & donors
AI Accountability Fellowships,Fellowships,,,"The Al Accountability Fellowships seek to support journalists working on in-depth AI accountability stories that examine governments' and corporations’ uses of predictive and surveillance technologies to guide decisions in policing, medicine, social welfare, the criminal justice system, hiring, and more.",,,https://pulitzercenter.org/grants-fellowships/opportunities-journalists/ai-accountability-fellowships,Talent & Hiring,Talent Pipeline,https://civictech.guide/ai-accountability-fellowships,supporting: Fellowships | Non-profit / charity / foundation
"American University MA in Media, Technology and Democracy | School of Communication",Research,Capacity Building,,"Become a Media and Technology Policy Expert The new American University School of Communication MA in Media, Technology & Democracy will give you the tools you need to examine complex social problems, analyze emerging trends in media and technology, and develop and evaluate policy.",,,https://www.american.edu/soc/communication-studies/ma/ma-mtd.cfm,Talent & Hiring,Talent Pipeline,https://civictech.guide/american-university-ma-in-media-technology-and-democracy-school-of-communication,supporting: Academic programs | Academic / research organization
Analytics Exchange,Government,Community,City,A community of practice for data analysts across City agencies that has since grown to over 800 members at more than 60 agencies.,,,https://www1.nyc.gov/site/analytics/initiatives/analytics-exchange.page,Participatory Democracy,Civic Engagement,https://civictech.guide/analytics-exchange,supporting: Peer networks | Government / public sector
Anthro-Tech,Digital Services & Consulting,,,"We’re a human-centered design consultancy focused on government agencies, nonprofits and enterprises with a social-impact mission.",,,https://anthro-tech.com/,Service Delivery,Service Design,https://civictech.guide/anthro-tech,supporting: Social impact design firms | For-profit business / social enterprise / B Corp
Applied Remote Sensing Training Program (ARSET),Government,Capacity Building,,ARSET offers satellite remote sensing training that builds the capacity of organizations to use NASA Earth science data in their decision-making.,,,https://www.earthdata.nasa.gov/data/projects/arset,Talent & Hiring,Workforce Development,https://civictech.guide/applied-remote-sensing-training-program-arset,supporting: Courses | Government / public sector
AWS Institute,GovTech,,,The AWS Institute is a thought leadership and executive education program to accelerate digital transformation in the public sector.,,,https://aws.amazon.com/institute/,Technology & Data,Shared Platforms,https://civictech.guide/aws-institute,supporting: Civic teams at tech companies | For-profit business / social enterprise / B Corp
Bloomberg Center for Cities at Harvard University,Research,,City,"Founded in 2021 with Bloomberg Philanthropies, the Bloomberg Center for Cities at Harvard University serves a global community committed to improving public management, leadership, and governance.",,,https://cities.harvard.edu/,Test & Learn,Evidence Use,https://civictech.guide/bloomberg-center-for-cities-at-harvard-university,supporting: Research and policy centers | Academic / research organization
Bloomberg Center for Public Innovation at Johns Hopkins University,Research,,City,The Bloomberg Center for Public Innovation at Johns Hopkins University drives innovation in local government by marrying cutting-edge practice with world-class research.,,,https://publicinnovation.jhu.edu/,Test & Learn,Evidence Use,https://civictech.guide/bloomberg-center-for-public-innovation-at-johns-hopkins-university,supporting: Research and policy centers | Academic / research organization
Bloomberg Harvard City Leadership Initiative,Research,Capacity Building,City,"Research and resources for city leaders to expand their problem-solving capacity, build effective city hall organizations, and improve outcomes for residents around the world",,,https://cityleadership.harvard.edu/,Talent & Hiring,Talent Pipeline,https://civictech.guide/bloomberg-harvard-city-leadership-initiative,supporting: Academic programs | Academic / research organization
Boston University Initiative on Cities,Research,,City,"The Initiative on Cities serves as a hub for urban related research and teaching across Boston University. We engage with urban leaders, policymakers, academics, and students from around the world to work toward sustainable, just, and inclusive urban transformation.",,,https://www.bu.edu/ioc/,Test & Learn,Evidence Use,https://civictech.guide/boston-university-initiative-on-cities,supporting: Research and policy centers | Academic / research organization
BU Initiative on Cities,Research,,City,"The Initiative on Cities engages with urban leaders, academics, and policy makers from around the world to help plan for the development of essential services and sustainable infrastructure necessary for cities to flourish.",,,http://www.bu.edu/ioc/,Test & Learn,Evidence Use,https://civictech.guide/bu-initiative-on-cities,supporting: Research and policy centers | Academic / research organization
Bully Pulpit International,GovTech,,,"We are an outcomes agency at the intersection of business, politics, and policy. Ideas alone are not enough. We make change possible.",,,https://www.bpigroup.com/,Technology & Data,Shared Platforms,https://civictech.guide/bully-pulpit-international,supporting: Building in the private sector | For-profit business / social enterprise / B Corp
Charles F. Kettering Foundation Democracy and Community program,Philanthropy,,,The Kettering Foundation's research program exploring the relationship between democratic practices and community life.,,,https://kettering.org/democracy-and-community,Test & Learn,Scaling What Works,https://civictech.guide/charles-f-kettering-foundation-democracy-and-community-program,supporting: Funders & donors | Non-profit / charity / foundation
CIV:Lab,GovTech,,City,"A global platform connecting physical places: a curated network for civic innovation, connecting local innovators with government, academia, business, and community both within their cities and around the world.",,,https://civ-lab.org/,Domains,Housing & Land Use,https://civictech.guide/civlab,supporting: Urban planning | Non-profit / charity / foundation
Civic Data Atlas,GovTech,,City,Bringing comprehensive Census demographic profiles to city council districts for the first time.,,,https://civicdataatlas.org/,Test & Learn,Outcomes Measurement,https://civictech.guide/civic-data-atlas,supporting: Dashboards | Non-profit / charity / foundation
Civic Data Privacy Leaders Network,Community,,City,"A collaborative that will provide an active, authoritative resource for municipal leaders to navigate emerging privacy issues, share practical guidance, and promote fair and transparent data practices",,,https://metrolabnetwork.org/metrolab-partners-with-future-of-privacy-forum-to-advance-civic-data-privacy/,Participatory Democracy,Civic Engagement,https://civictech.guide/civic-data-privacy-leaders-network,supporting: Peer networks
Civic Data Tech,Community,Ecosystems,,"Civic Data Tech is an initiative that supports the open-source projects and maintainers powering civic data pipelines, working to keep civic data accessible, verifiable, and governed by open standards across all levels of government.",,,https://civicdatatech.github.io,Test & Learn,Scaling What Works,https://civictech.guide/civic-data-tech,supporting: Partner networks and coalitions | Grassroots / Indie project
Civic Engagement Microgrant Program,Advocacy,Philanthropy,,"The Microgrant program provides funding for STEM graduate students, professional students (medical, dental, nursing, pharmacy, etc.), and postdocs who want to create projects that build policy, communications, and program management skills and are aimed at building dialogue with public officials, community leaders, and community members around issues of common interest.",,,https://www.researchamerica.org/civic-science/microgrants/,Test & Learn,Scaling What Works,https://civictech.guide/civic-engagement-microgrant-program,supporting: Funders & donors | Advocacy organization
Civic Infrastructure Collaborative,GovTech,,City,Civic Infrastructure Collaborative drives public value from core urban infrastructure through cross-sector collaboration and technology-enabled innovation.,,,https://www.infrastructureforward.org/,Domains,Housing & Land Use,https://civictech.guide/civic-infrastructure-collaborative,supporting: Urban planning | Non-profit / charity / foundation
Civic Leadership Academy at U Chicago,Research,Capacity Building,City,The Civic Leadership Academy is an interdisciplinary leadership development program for emerging and high-potential leaders in nonprofit organizations and local government agencies within the City of Chicago and Cook County.,,,http://cla.uchicago.edu/,Talent & Hiring,Workforce Development,https://civictech.guide/civic-leadership-academy-at-u-chicago,supporting: Courses | Academic / research organization
Climate Democracy Accelerator,Ecosystems,,,Climate Democracy Action (CDA) is a practice-oriented training and support program that prepares advocates and policymakers to use participatory strategies to drive local governments’ response to the climate crisis.,,,https://peoplepoweredhub.squarespace.com/climate-democracy-action,Test & Learn,Scaling What Works,https://civictech.guide/climate-democracy-accelerator,supporting: Accelerators | Non-profit / charity / foundation
Code for Baltimore,Community,,,"We are a community of volunteers who develop open-source projects as a Code for America Brigade by focusing on open government, open data, great design, and social good in Baltimore.",,,http://www.codeforbaltimore.org/,Talent & Hiring,Expert Contribution,https://civictech.guide/code-for-baltimore,supporting: Civic hacking meetups | Non-profit / charity / foundation
Code for Bloomington,Community,,,"Code for Bloomington is an official Code for America Brigade in Bloomington, IN working on projects with government and community partners to improve people’s lives.",,,https://bmghack.github.io/,Talent & Hiring,Expert Contribution,https://civictech.guide/code-for-bloomington,supporting: Civic hacking meetups | Non-profit / charity / foundation
Code for Boulder,Community,,City,"Code For Boulder lies within the intersection of tech, data, and community engagement. Boulder is a vibrant city; we join up with local government, non-profits, and community organizers to help bring out the best in the place we call home.",,,http://web.archive.org/web/20200717110851/http://www.codeforboulder.org:80/,Talent & Hiring,Expert Contribution,https://civictech.guide/code-for-boulder,supporting: Civic hacking meetups
Code for Chapel Hill,Community,,City,Bridging the gap between local government and human capital in Chapel Hill,,,http://www.codeforchapelhill.com/,Talent & Hiring,Expert Contribution,https://civictech.guide/code-for-chapel-hill,supporting: Civic hacking meetups
Code for Charlotte,Community,,,"Think volunteer fire brigade for the 21st Century. We are a volunteer citizen brigade. We use technology and advocacy as a tool for open government, open data and civic engagement.",,,http://codeforcharlotte.org/,Talent & Hiring,Expert Contribution,https://civictech.guide/code-for-charlotte,supporting: Civic hacking meetups
Code for Denver,Community,,City,We build software to help nonprofits and local government better serve their community.,,,http://web.archive.org/web/20220331073929/https://codefordenver.org/,Talent & Hiring,Expert Contribution,https://civictech.guide/code-for-denver,supporting: Civic hacking meetups | Grassroots / Indie project
Code for Fort Collins,Community,,City,"Code for Fort Collins is a volunteer organization who develops technology-driven solutions to challenges faced by charities, government agencies, and other groups within the city.",,,http://codeforfoco.org/,Talent & Hiring,Expert Contribution,https://civictech.guide/code-for-fort-collins,supporting: Civic hacking meetups
Code for Fort Lauderdale,Community,,,"Come join idea-makers, designers, citizen leaders, developers, and data geeks who volunteer to help the Fort Lauderdale government and civic orgs adopt open web technologies.",,,http://codeforftl.org/,Talent & Hiring,Expert Contribution,https://civictech.guide/code-for-fort-lauderdale,supporting: Civic hacking meetups | Grassroots / Indie project
Code for Jersey City,Community,,City,"Code for Jersey City is a nonpartisan, civic-tech, volunteer community group that collaborates with local government and community partners",,,https://www.meetup.com/Code-For-Jersey-City/,Talent & Hiring,Expert Contribution,https://civictech.guide/code-for-jersey-city,supporting: Civic hacking meetups
Code for Nashville,Community,,,Code for Nashville is Nashville's Code for America Brigade. We are volunteers who collaborate with Metro government to promote open data and build civic apps.,,,http://www.codefornashville.org/,Talent & Hiring,Expert Contribution,https://civictech.guide/code-for-nashville,supporting: Civic hacking meetups | Grassroots / Indie project
Code for New Hampshire,Community,,,"Code for New Hampshire is an unofficial Code for America Brigade, a group of volunteers that bring community members together to make government work better.",,,http://www.codefornh.org/,Talent & Hiring,Expert Contribution,https://civictech.guide/code-for-new-hampshire,supporting: Civic hacking meetups | Grassroots / Indie project
Code for Phoenix,Community,,City,"The Phoenix Brigade focuses on civic hacking, municipal innovation, and citizen engagement in the Phoenix metropolitan area.",,,https://www.meetup.com/CodeforPhoenix/,Talent & Hiring,Expert Contribution,https://civictech.guide/code-for-phoenix,supporting: Civic hacking meetups
Code for Sonoma County,Community,,City,Code for Sonoma County is a Code for America brigade or local chapter focused on improving the lives of residents of Sonoma County.,,,https://www.meetup.com/Code-for-Sonoma-County/,Talent & Hiring,Expert Contribution,https://civictech.guide/code-for-sonoma-county,supporting: Civic hacking meetups
Code for Tampa Bay,Community,,,"Code for Tampa Bay is an official Code for America Brigade in Tampa, FL working on projects with government and community partners to improve people’s lives.",,,https://codefortampabay.org/,Talent & Hiring,Expert Contribution,https://civictech.guide/code-for-tampa-bay,supporting: Civic hacking meetups
Community Foundation for the National Capital Region,Philanthropy,,"Federal, City",The Greater Washington Community Foundation works to strengthen the Washington metropolitan region by encouraging and supporting effective giving and by providing leadership on critical issues in our community,,,https://www.thecommunityfoundation.org/,Test & Learn,Scaling What Works,https://civictech.guide/community-foundation-for-the-national-capital-region,supporting: Funders & donors | Non-profit / charity / foundation
Compiler LLC,GovTech,,,"A small woman-owned software consultancy dedicated to building open-source, human-centered, secure, agile solutions to support the delivery of government services that increase equity of opportunity.",,,https://compiler.la/,Technology & Data,Shared Platforms,https://civictech.guide/compiler-llc,supporting: Building in the private sector | For-profit business / social enterprise / B Corp
Cyber Policy Awards,GovTech,,Federal,"The Institute for Security and Technology (IST), in partnership with the Center for Cybersecurity Policy and Law, is pleased to announce the inaugural edition of The Cyber Policy Awards—an annual gathering of the U.S. cyber policy community to honor and celebrate those who drove significant progress in the preceding year, and to make resolutions for the new year.",,,https://securityandtechnology.org/inaugural-cyber-policy-awards/,Technology & Data,Data Security,https://civictech.guide/cyber-policy-awards,supporting: Cybersecurity | Non-profit / charity / foundation
Deschutes Civic Assembly on Youth Homelessness,Advocacy,,City,"In the Fall of 2024, thirty every-day residents of Deschutes County came together to help find solutions in the region’s first-ever Civic Assembly.",,,https://cocap.us/homelessness/,Participatory Democracy,Democracy Infrastructure,https://civictech.guide/deschutes-civic-assembly-on-youth-homelessness,supporting: Sortition & Citizen Assemblies | Non-profit / charity / foundation
Engaged Cities Community of Practice,Community,,City,Engaged Cities is a community of practice for news organizations with engagement-first approaches to serving U.S. cities.,,,https://www.lenfestinstitute.org/national-solutions-for-local-news/engaged-cities-community-of-practice/,Participatory Democracy,Civic Engagement,https://civictech.guide/engaged-cities-community-of-practice,supporting: Peer networks | Non-profit / charity / foundation
Ethos Labs,GovTech,,,"Led by Abhi Nemani, EthosLabs — a government innovation investment and advisory firm — connects entrepreneurs, governments, and investors to drive the development, adoption, and growth of world-class, public interest technologies in the communities that need them most.",,,https://ethoslabs.us/,Technology & Data,Shared Platforms,https://civictech.guide/ethos-labs,supporting: Civic and social impact companies | For-profit business / social enterprise / B Corp
Fathom,GovTech,,,Fathom text analysis has transformed 25M+ open ended responses into actionable insights for leading agencies and brands.,,,https://www.fathomthat.ai/,Test & Learn,Feedback Loops,https://civictech.guide/fathom,supporting: Surveys & polling
FireGuard Program,Government,GovTech,Federal,"FireGuard uses military satellites with the National Interagency Fire Center, U.S. Forest Service and the National Geospatial-Intelligence Agency’s Firefly capability to detect wildfires, notify authorities, and create products to disseminate to firefighting networks nationwide.",,,https://www.nationalguard.mil/News/Article/3223104/fireguard-program-enhances-national-guard-wildfire-fighting/,Domains,Crisis Response,https://civictech.guide/fireguard-program,supporting: Disaster response and humanitarian tech | Government / public sector
Global Network Initative,Ecosystems,,,"GNI helps companies respect freedom of expression and privacy rights when faced with government pressure to hand over user data, remove content, or restrict communications.",,,https://globalnetworkinitiative.org/,Procurement & Operations,Procurement Reform,https://civictech.guide/global-network-initative,supporting: Trade groups | Non-profit / charity / foundation
Google Public Sector,GovTech,,,Google Cloud's public sector division,,,https://cloud.google.com/blog/topics/public-sector,Technology & Data,Shared Platforms,https://civictech.guide/google-public-sector,supporting: Civic teams at tech companies | For-profit business / social enterprise / B Corp
Housing Data Coalition,Ecosystems,,City,The Housing Data Coalition (HDC) is a group of individuals and organizations who collaborate on their use of public data to further housing justice in New York City.,,,https://www.housingdatanyc.org/,Test & Learn,Scaling What Works,https://civictech.guide/housing-data-coalition,supporting: Partner networks and coalitions | Non-profit / charity / foundation
Institute for Representative Government,Community,,Federal,"The Institute for Representative Government (IRG) was established in 1988 by a group of former Members of Congress as an independent, bipartisan, non-profit organization to provide high level, professional exchange programs for parliamentarians from developing or newly-established democracies.",,,https://irgov.org/,Participatory Democracy,Civic Engagement,https://civictech.guide/institute-for-representative-government,supporting: Peer networks | Non-profit / charity / foundation
Institute for Technology and Civic Leadership,Research,,,The Institute for Technology and Civic Leadership reflects Georgia Tech’s commitment to educating leaders who create new possibilities at the intersection of technology and human flourishing and exploring ways for Georgia Tech scholarship and research to inform pressing societal issues and opportunities.,,,https://news.gatech.edu/news/2026/03/12/new-institute-launches-inaugural-symposium,Test & Learn,Evidence Use,https://civictech.guide/institute-for-technology-and-civic-leadership,supporting: Research and policy centers | Academic / research organization
International Center for Journalists (ICFJ),Community,,,"Journalists in ICFJ's unparalleled network produce news reports that lead to better governments, economies and societies.",,,https://www.icfj.org/,Participatory Democracy,Civic Engagement,https://civictech.guide/international-center-for-journalists-icfj,supporting: Peer networks | Non-profit / charity / foundation
Jacobs Urban Tech Hub at Cornell Tech,Research,,City,"Making cities stronger, fairer, and more resilient through responsible technology.",,,https://urban.tech.cornell.edu/,Test & Learn,Evidence Use,https://civictech.guide/jacobs-urban-tech-hub-at-cornell-tech,supporting: Research and policy centers | Academic / research organization
Keystone Internet Coalition,Advocacy,,,"The Keystone Internet Coalition (KIC) is an informal coalition of nonprofits, agencies, and individuals working to achieve digital equity in Pennsylvania.",,,https://keystoneinternetcoalition.org/,Domains,Broadband & Internet Connectivity,https://civictech.guide/keystone-internet-coalition,supporting: Connectivity | Non-profit / charity / foundation
Lenfest Institute Communities of Practice,Ecosystems,,"State, City",The Lenfest Institute is home to communities of practice serving various types of journalism professionals and organizations.,,,https://www.lenfestinstitute.org/our-work/communities-of-practice/,Test & Learn,Scaling What Works,https://civictech.guide/lenfest-institute-communities-of-practice,supporting: Partner networks and coalitions | Non-profit / charity / foundation
Local Policy Lab (LPL) Network,Community,,City,"The Local Policy Lab (LPL) Network connects cities that are dedicated to protecting and strengthening democracy, advancing resilient and sustainable communities, and improving non-partisan civic engagement.",,,https://www.localpolicylab.org/democracynet,Participatory Democracy,Civic Engagement,https://civictech.guide/local-policy-lab-lpl-network,supporting: Peer networks | Non-profit / charity / foundation
Manhattan Institute for Policy Research,Research,,City,"Manhattan Institute works to keep America and its great cities prosperous, safe, and free.",,,https://www.manhattan-institute.org/,Test & Learn,Evidence Use,https://civictech.guide/manhattan-institute-for-policy-research,supporting: Research and policy centers | Non-profit / charity / foundation
Melted Solids,GovTech,,,Brooklyn-based creative agency behind Zohran Mamdani's campaign socials,,,https://www.meltedsolids.com/,Technology & Data,Shared Platforms,https://civictech.guide/melted-solids,supporting: Civic and social impact companies | For-profit business / social enterprise / B Corp
Meta's Trusted Partners,GovTech,,,"""Bringing local context to our global standards...Our network of Trusted Partners includes over 400 non-governmental organizations, humanitarian agencies, human rights defenders and researchers from 113 countries around the globe.""",,,https://transparency.fb.com/policies/improving/bringing-local-context,Technology & Data,Shared Platforms,https://civictech.guide/metas-trusted-partners,supporting: Civic teams at tech companies | For-profit business / social enterprise / B Corp
MetroLab Network,Ecosystems,,City,"MetroLab Network is a group of 35 city-university partnerships focused on bringing data, analytics, and innovation to city government.",,,https://metrolabnetwork.org/,Test & Learn,Scaling What Works,https://civictech.guide/metrolab-network,supporting: Partner networks and coalitions | Non-profit / charity / foundation
Microsoft CSR Justice Reform Initiative,GovTech,,,The Microsoft Justice Reform Initiative works to empower communities and drive progress towards a more equitable justice system.,,,https://www.microsoft.com/en-us/corporate-responsibility/justice-reform-initiative?SilentAuth=1&wa=wsignin1.0&activetab=pivot_1%3aprimaryr4,Technology & Data,Shared Platforms,https://civictech.guide/microsoft-csr-justice-reform-initiative,supporting: Civic teams at tech companies | For-profit business / social enterprise / B Corp
Municipalism Cohort Fellowship,Fellowships,,City,"The Municipalism Cohort Fellowship is a 12-week online program, beginning on September 16th 2023 and ending December 2nd, that presents radical municipalist theory and practice to grassroots organizers trying to reclaim the right to their cities and self-organize as rebel cities.",,,https://municipalism.org/offerings/cohort-fellowship/,Talent & Hiring,Talent Pipeline,https://civictech.guide/municipalism-cohort-fellowship,supporting: Fellowships | Non-profit / charity / foundation
Mutual Aid NYC,Community,,,A network of neighborhood groups and network builders organizing to provide aid and support to New Yorkers.,,,https://mutualaid.nyc/,Participatory Democracy,Civic Engagement,https://civictech.guide/mutual-aid-nyc,supporting: Peer networks | Grassroots / Indie project
National Democratic Institute (NDI),Philanthropy,,Federal,"The National Democratic Institute is a nonprofit, nonpartisan organization working to support and strengthen democratic institutions worldwide through citizen participation, openness and accountability in government",,,https://www.ndi.org/,Test & Learn,Scaling What Works,https://civictech.guide/national-democratic-institute-ndi,supporting: Funders & donors | Non-profit / charity / foundation
O'Brien Fellowship In Public Service Journalism,Research,Fellowships,,"Backed by Marquette University, the O'Brien Fellowship program helps news professionals dig deep while mentoring student journalists.",,,https://www.marquette.edu/obrien-fellowship/,Talent & Hiring,Talent Pipeline,https://civictech.guide/obrien-fellowship-in-public-service-journalism,supporting: Fellowships | Academic / research organization
Open Cleveland,Community,,City,"Come join developers, designers, data geeks, leaders, and idea-makers who volunteer to help local government and civic orgs adopt open web technologies.",,,https://www.opencleveland.org/,Talent & Hiring,Expert Contribution,https://civictech.guide/open-cleveland,supporting: Civic hacking meetups | Grassroots / Indie project
Open Fresno,Community,,,"A group of coders, designers, government reps, and citizens building a better #Fresno",,,https://openfresno.github.io/,Talent & Hiring,Expert Contribution,https://civictech.guide/open-fresno,supporting: Civic hacking meetups | Grassroots / Indie project
Open Mobility Foundation,Ecosystems,,City,Municipalities across the country have joined together to create a new global non-profit organization called the Open Mobility Foundation to support the development of open-sourced software that provides scalable mobility solutions for cities.,,,https://www.openmobilityfoundation.org/,Test & Learn,Scaling What Works,https://civictech.guide/open-mobility-foundation,supporting: Partner networks and coalitions | Non-profit / charity / foundation
Open Society Foundation,Philanthropy,,,The Open Society Foundations work to build vibrant and tolerant democracies whose governments are accountable to their citizens.,,,https://www.opensocietyfoundations.org/,Test & Learn,Scaling What Works,https://civictech.guide/open-society-foundation,supporting: Funders & donors | Non-profit / charity / foundation
Open Toledo,Community,,,"Open Toledo focuses on civic technology and government technology, technologies that enhance civic engagement and help government run efficiently.",,,https://www.meetup.com/Open-Toledo/,Talent & Hiring,Expert Contribution,https://civictech.guide/open-toledo,supporting: Civic hacking meetups
Open Twin Cities,Community,,City,"A group for civic hackers, innovative government employees, and concerned citizens for the Twin Cities (Minneapolis and Saint Paul) metro area",,,http://www.opentwincities.org/,Talent & Hiring,Expert Contribution,https://civictech.guide/open-twin-cities,supporting: Civic hacking meetups | Grassroots / Indie project
Pathways to Enable Open-Source Ecosystems (POSE),Government,Philanthropy,Federal,"National Science Foundation program supporting the facilitation, creation and growth of open-source ecosystems for the creation of new technology solutions.",,,https://beta.nsf.gov/funding/opportunities/pathways-enable-open-source-ecosystems-pose,Test & Learn,Scaling What Works,https://civictech.guide/pathways-to-enable-open-source-ecosystems-pose,supporting: Funders & donors | Government / public sector
Popular Democracy,Advocacy,Ecosystems,,"Popular Democracy is 50 grassroots organizations across 34 states and DC, who unapologetically demand transformational change for Black, brown and low-income communities. We upend politics as usual to forge a representative, multiracial government and society where we all thrive – no exceptions.",,,https://populardemocracy.org/,Test & Learn,Scaling What Works,https://civictech.guide/popular-democracy,supporting: Partner networks and coalitions | Advocacy organization
PowerSwitch Action,Advocacy,Ecosystems,"Federal, City","PowerSwitch Action is a national community of organizers, strategists, and leaders forging multiracial feminist democracy and economies in our cities and towns.",,,https://www.powerswitchaction.org/,Test & Learn,Scaling What Works,https://civictech.guide/powerswitch-action,supporting: Partner networks and coalitions | Advocacy organization
Project Liberty,Research,,,"Project Liberty is advancing responsible development of the internet, designed and governed for the common good.",,,https://www.projectliberty.io/,Test & Learn,Evidence Use,https://civictech.guide/project-liberty,supporting: Civil society research outfits | Non-profit / charity / foundation
Public Works Office,GovTech,,,"PwO is a technical consultancy that specializes in 0->1 product development and technology enablement in complex stakeholder environments, frequently touching government or the built environment, and often related to innovation and/or user experience-first initiatives.",,,https://www.publicworksoffice.com/,Technology & Data,Shared Platforms,https://civictech.guide/public-works-office,supporting: Building in the private sector | For-profit business / social enterprise / B Corp
Rural Democracy Initiative,Ecosystems,,City,Rural Democracy Initiative builds power toward a thriving democracy and shared prosperity across diverse communities in rural areas and small cities.,,,https://ruraldemocracyinitiative.org/,Test & Learn,Scaling What Works,https://civictech.guide/rural-democracy-initiative,supporting: Partner networks and coalitions | Non-profit / charity / foundation
Smart Cville,Community,,City,Empowering and inspiring civic innovators across central Virginia,,,https://www.smartcville.com/,Talent & Hiring,Expert Contribution,https://civictech.guide/smart-cville,supporting: Civic hacking meetups | Non-profit / charity / foundation
Stanford Impact Labs,Research,,,Center at Stanford University connecting and accelerating work on social problems,,,https://impact.stanford.edu/,Test & Learn,Evidence Use,https://civictech.guide/stanford-impact-labs,supporting: Research and policy centers | Academic / research organization
The Agency Fund,Philanthropy,,,We invest in ideas and organizations that expand human agency.,,,https://www.agency.fund/,Test & Learn,Scaling What Works,https://civictech.guide/the-agency-fund,supporting: Funders & donors | Non-profit / charity / foundation
The Kresge Foundation,Philanthropy,,City,Expanding opportunities in America’s cities,,,https://kresge.org/,Test & Learn,Scaling What Works,https://civictech.guide/the-kresge-foundation,supporting: Funders & donors | Non-profit / charity / foundation
The Movement Cooperative,Ecosystems,,Federal,"By leveraging the collective bargaining power of our members, The Movement Cooperative provides best-in-class data and technology resources that match the needs of progressive organizations at the cheapest possible price point.",,,https://movementcooperative.org/,Test & Learn,Scaling What Works,https://civictech.guide/the-movement-cooperative,supporting: Partner networks and coalitions | Non-profit / charity / foundation
The Policy Lab,Research,,,"The Policy Lab brings together experts from government, universities, and community organizations to collaborate on research tailored to inform decisions about how to improve policies and programs across the state.",,,https://thepolicylab.brown.edu/,Test & Learn,Evidence Use,https://civictech.guide/the-policy-lab,supporting: Research and policy centers | Academic / research organization
The REACH Healthcare Foundation,Philanthropy,,City,The REACH Healthcare Foundation is a charitable organization dedicated to improving health coverage and access to affordable healthcare for uninsured and medically underserved communities in a six-county service area in Kansas and Missouri.,,,https://reachhealth.org/,Test & Learn,Scaling What Works,https://civictech.guide/the-reach-healthcare-foundation,supporting: Funders & donors | Non-profit / charity / foundation
The United States of Technologists,Research,Ecosystems,Federal,"A new initiative from the Tech Talent Project and AnitaB.org to bring 10,000 technologists into the public sector across state, local, and federal government by the end of 2021",,,https://www.usoftech.org/,Talent & Hiring,Hiring Process,https://civictech.guide/the-united-states-of-technologists,supporting: Find a job or hire someone | Academic / research organization
Two Sigma Data Clinic,Community,,,"Our pro bono teams of data scientists and engineers harness the power of data and technology to help nonprofits, government agencies, and academic institutions have greater impact on the communities they serve",,,https://dataclinic.twosigma.com/,Talent & Hiring,Expert Contribution,https://civictech.guide/two-sigma-data-clinic,supporting: Pro bono and volunteer | For-profit business / social enterprise / B Corp
Uber data-sharing with governments,GovTech,,,The ride-hailing company is working with DC to share data—and the much coveted curb.,,,https://www.wired.com/story/uber-nacto-data-sharing/,Domains,Housing & Land Use,https://civictech.guide/uber-data-sharing-with-governments,supporting: Urban planning | For-profit business / social enterprise / B Corp
Upstatement,Digital Services & Consulting,,,We build digital brands and products for the future of government. A digital brand and product design studio,,,https://www.upstatement.com/,Service Delivery,Service Design,https://civictech.guide/upstatement,supporting: Social impact design firms | For-profit business / social enterprise / B Corp
Urban Ocean Lab,GovTech,,City,"Urban Ocean Lab cultivates rigorous, creative, equitable, and practical climate and ocean policy for the future of coastal cities.",,,https://urbanoceanlab.org/,Domains,Crisis Response,https://civictech.guide/urban-ocean-lab,supporting: Disaster response and humanitarian tech | Non-profit / charity / foundation
US GSA Office of Evaluation Sciences,Government,Research,Federal,"Based at the General Services Administration (GSA), OES is a team of interdisciplinary experts that works across government to help agencies build and use evidence.",,,https://oes.gsa.gov,Test & Learn,Outcomes Measurement,https://civictech.guide/us-gsa-office-of-evaluation-sciences,supporting: Evaluate impact | Government / public sector
Voice of the People's Policymaking Simulations,Research,,,Voice Of the People (VOP) is a nonpartisan organization working to re-anchor our democracy in its founding principles by giving ‘We the People’ a greater and more effective voice in government.,,,https://vop.org/policymaking-simulations/,Participatory Democracy,Democracy Infrastructure,https://civictech.guide/voice-of-the-peoples-policymaking-simulations,supporting: Democratic Innovations | Non-profit / charity / foundation
What Works Cities Certification,Research,,"Federal, City","What Works Cities Certification Is The National Standard Of Excellence For Well-managed, Data-driven Local Government.",,,https://whatworkscities.bloomberg.org/why-certify/,Test & Learn,Outcomes Measurement,https://civictech.guide/what-works-cities-certification,supporting: Evaluate impact | Non-profit / charity / foundation
Whole Whale,Research,,,"B Corp digital agency that leverages data and tech to increase the impact of social impact organizations. We provide analytics, content marketing, and advertising services to socially conscious companies and nonprofits.",,,https://www.wholewhale.com/,Test & Learn,Outcomes Measurement,https://civictech.guide/whole-whale,supporting: Evaluate impact | For-profit business / social enterprise / B Corp
